insert OR REPLACE INTO stocks (signature, name, exchange, currency, dividend_per_year, dividend_forecast) VALUES
('KOP',     'Kopparbergs',      'STO',      'SEK',  1,  5.90),
('AAPL',    'Apple Inc',        'NASDAQ',   'USD',  4,  0.57),
('BON',     'Bonheur',          'OL',       'NOK',  1,  0.0),
('CAST',    'Castellum',        'STO',      'SEK',  2,  3.05),
('C',       'Citigroup',        'NYSE',     'USD',  4,  0.0),
('CLAS-B',  'Clas Olsson',      'STO',      'SEK',  1,  6.25),
('KO',      'Coca Cola',        'NYSE',     'USD',  4,  0.37),
('DE',      'Deere & Co',       'NYSE',     'USD',  4,  0.6),
('ERIC-B',  'Ericsson',         'STO',      'SEK',  1,  0.0),
('SHB-B',   'Handelsbanken',    'STO',      'SEK',  1,  7.5),
('SHB-A',   'Handelsbanken',    'STO',      'SEK',  1,  7.5),
('HM-B',    'Hennes & Mauritz', 'STO',      'SEK',  2,  4.875),
('INDU-C',  'Industrivärden',   'STO',      'SEK',  1,  5.75),
('INVE-B',  'Investor',         'STO',      'SEK',  1,  13.0),
('MCD',     'McDonalds',        'NYSE',     'USD',  4,  0.0),
('PROTCT',  'Protector',        'OL',       'NOK',  1,  0.0),
('SAMPO',   'Sampoo',           'HEL',      'EUR',  1,  2.85),
('NDA',     'Nordea',           'HEL',      'EUR',  1,  0.69),
('SAN',     'Banco Santander',  'NYSE',     'USD',  4,  0.0),
('TELIA',   'Telia',            'STO',      'SEK',  2,  1.18),
('VOLV-B',  'Volvo',            'STO',      'SEK',  1,  3.0),
('WMT',     'Walmarts',         'NYSE',     'USD',  4,  0.0),
('SWED-A',  'Swedbank',         'STO',      'SEK',  1,  14.2),
('SBUX',    'Starbucks',        'NASDAQ',   'USD',  4,  0.3),
('VARDIA',  'Vardia',           'OL',       'NOK',  1,  0.0),
('RATO-B',  'Ratos',            'STO',      'SEK',  1,  3.25),
('NCC-B',   'NCC',              'STO',      'SEK',  1,  0.0),
('SKA-B',   'Skanska',          'STO',      'SEK',  1,  6.00),
('SRNKE-B', 'Serneke',          'STO',      'SEK',  1,  0.0),
('FING-B',  'Fingerprint',      'STO',      'SEK',  1,  0.0),
('NOKIA',   'Nokia',            'HEL',      'EUR',  1,  0.0),
('SIGM-B',  'Sigma',            'STO',      'SEK',  1,  0.0),
('MULQ',    'MultiQ',           'STO',      'SEK',  1,  0.0),
('WM-B',    'WM Data',          'STO',      'SEK',  1,  0.0),
('ORES',    'Öresund',          'STO',      'SEK',  1,  5.5),
('NOVO-B',  'Novo Nordisk',     'CPH',      'DKK',  1,  8.31),
('SKIS-B',  'Skistar',          'STO',      'SEK',  1,  5.5),
('O',       'Realty Income',    'NYSE',     'USD',  12, 0.219),
('JNJ',     'Johnson & Johnson','NYSE',     'USD',  4,  0.9),
('AXFO',    'Axfood',           'STO',      'SEK',  1,  7.0),
('KINV-B',  'Kinnevik',         'STO',      'SEK',  1,  8.25),
('BILIA-A', 'Bilia',            'STO',      'SEK',  1,  0),
('MQ',      'MQ',               'STO',      'SEK',  1,  0),
('MTG',     'MTG',              'STO',      'SEK',  1,  0),
('TIGO',   'Millicom',         'STO',      'SEK',  1,  1.32),
('AVZ-GLO', 'Avanza Global',    'STO',      'SEK',  1,  0),
('AVZ-ZRO', 'Avanza Zero',    'STO',      'SEK',  1,  0),
('LATO-B',  'Latour',           'STO',      'SEK',  1,  2.5);

insert OR REPLACE INTO stock_avanza (stock, stock_id, stock_name, is_stock) VALUES
('AVZ-GLO', 878733, 'avanza-global',    0),
('AVZ-ZRO', 41567,  'avanza-zero',    0),
('KOP',     13477,  'kopparbergs-b',    1),
('AXFO',    5465,   'axfood',           1),
('SKA-B',   5257,   'skanska-b',        1),
('CAST',    5353,   'castellum',        1),
('CLAS-B',  5457,   'clas-ohlson-b',    1),
('HM-B',    5364,   'hennes---mauritz-b',1),
('INDU-C',  5245,   'industrivarden-c', 1),
('INVE-B',  5247,   'investor-b',       1),
('JNJ',     3666,   'johnson---johnson',1),
('KINV-B',  5369,   'kinnevik-b',       1),
('LATO-B',  5321,   'latour-b',         1),
('NOVO-B',  52300,  'novo-nordisk-b',   1),
('O',       147048, 'realty-income-corp',1),
('SAMPO',   52810,  'sampo-oyj-a',      1),
('NDA',     888677, 'nordea-bank-abp',  1),
('SWED-A',  5241,   'swedbank-a',       1),
('TELIA',   5479,   'telia-company',    1),
('TIGO',    6048,   'millicom-int--cellular-sdb',    1),
('ORES',    5302,   'oresund',          1);

insert OR REPLACE INTO stock_bloomberg (stock, bloomberg_signature) VALUES
('KOP',     'KOBRMTFB:SS'),
('AXFO',    'AXFO:SS'),
('BILIA-A', 'BILIA:SS'),
('MQ',      'MQ:SS'),
('MTG',     'MTGB:SS'),
('SKA-B',   'SKAB:SS'),
('TIGO',    'TIGO:SS'),
('ORES',    'ORES:SS'),
('TELIA',   'TELIA:SS'),
('LATO-B',  'LATOB:SS'),
('KINV-B',  'KINVB:SS'),
('SKIS-B',  'SKISB:SS'),
('HM-B',    'HMB:SS'),
('CAST',    'CAST:SS'),
('CLAS-B',  'CLASB:SS'),
('SHB-A',   'SHBA:SS'),
('SWED-A',  'SWEDA:SS'),
('INDU-C',  'INDUC:SS'),
('INVE-B',  'INVEB:SS'),
('SAMPO',   'SAMPO:FH'),
('NDA',     'NDA:FH'),
('NOVO-B',  'NOVOB:DC'),
('KO',      'KO:US'),
('JNJ',     'JNJ:US'),
('O',       'O:US'),
('AVZ-GLO', '3904983'),
('AVZ-ZRO', '22464');

insert OR REPLACE INTO stock_identifier (stock, identifier) VALUES
('AAPL', 'Apple Inc'),
('MTG', 'Modern Times Group B'),
('MTG', 'MTG B DR'),
('BILIA-A', 'Bilia A'),
('BILIA-A', 'BILI A DR'),
('MQ', 'MQ Holding'),
('MQ', 'MQ DR'),
('KOP', 'Kopparbergs B'),
('VARDIA', 'Vardia Insurance Group'),
('VARDIA', 'Insr Insurance Group'),
('VARDIA', 'VARDIA BTA15'),
('FING-B', 'FING B'),
('FING-B', 'FING BTB0611'),
('NOKIA', 'NOKI SDB'),
('NOKIA', 'Nokia Oyj'),
('VOLV-B', 'VOLV IL B'),
('VOLV-B', 'Volvo B'),
('VOLV-B', 'Volvo DR B'),
('SAN', 'Banco Santander SA'),
('BON', 'Bonheur'),
('CLAS-B', 'Clas Ohlson B'),
('KO', 'Coca-Cola Co'),
('TIGO', 'Millicom Int. Cellular SDB'),
('DE', 'Deere & Co'),
('ERIC-B', 'Ericsson B'),
('SHB-B', 'Handelsbanken'),
('SHB-B', 'Handelsbanken B'),
('SHB-A', 'Handelsbanken A'),
('SHB-B', 'SHB'),
('SHB-B', 'SHB B OLD'),
('HM-B', 'Hennes & Mauritz B'),
('INDU-C', 'Industrivärden C'),
('INVE-B', 'Investor B'),
('MCD', "Mcdonald's Corp"),
('PROTCT', 'Protector Forsikring'),
('CAST', 'Castellum'),
('CAST', 'CAST BTA'),
('C', 'Citigroup'),
('C', 'Citigroup Inc'),
('JNJ', 'Johnson & Johnson'),
('SAMPO', 'Sampo A'),
('SAMPO', 'Sampo Oyj A'),
('TELIA', 'Telia Company'),
('NOVO-B', 'Novo Nordisk B'),
('WMT', 'Walmart'),
('WMT', 'Wal-Mart Stores Inc'),
('SWED-A', 'Swedbank A'),
('SBUX', 'Starbucks Corp'),
('RATO-B', 'Ratos B'),
('NCC-B', 'NCC B'),
('SIGM-B', 'SIGM B'),
('MULQ', 'MultiQ International'),
('WM-B', 'WM B'),
('SRNKE-B', 'Serneke Group B'),
('AXFO', 'Axfood'),
('SKA-B', 'Skanska B'),
('SKIS-B', 'SkiStar B'),
('ORES', 'Öresund'),
('O', 'Realty Income Corp'),
('LATO-B', 'Latour B'),
('NDA', 'Nordea Bank Abp'),
('AVZ-GLO', 'Avanza Global'),
('AVZ-ZRO', 'Avanza Zero'),
('KINV-B', 'Kinnevik B');

insert OR REPLACE INTO split_ratio (stock, ratio) VALUES
('AAPL', 7.0),
('HM-B', 2.0),
('SHB-B', 3.0),
('SBUX', 2.0),
('VOLV-B', 6.0),
('ERIC-B', 0.2);

